{"count":1,"self":26.775777599999998,"total":240.08836829999998,"children":{"InitializeActuators":{"count":25,"self":0.0010011,"total":0.0010011,"children":null},"InitializeSensors":{"count":25,"self":0.0015008999999999999,"total":0.0015008999999999999,"children":null},"AgentSendState":{"count":39367,"self":0.64383479999999993,"total":2.8116144999999997,"children":{"CollectObservations":{"count":196850,"self":0.2237459,"total":0.2237459,"children":null},"WriteActionMask":{"count":196850,"self":0.1324071,"total":0.1324071,"children":null},"RequestDecision":{"count":196850,"self":0.35345109999999996,"total":1.8116267,"children":{"AgentInfo.ToProto":{"count":196850,"self":0.39053519999999997,"total":1.4581756,"children":{"GenerateSensorData":{"count":196850,"self":1.0676404,"total":1.0676404,"children":null}}}}}}},"DecideAction":{"count":39367,"self":208.7851136,"total":208.7851116,"children":null},"AgentAct":{"count":39367,"self":1.6956768,"total":1.6956768,"children":null},"AgentInfo.ToProto":{"count":782,"self":0.0030123,"total":0.0166854,"children":{"GenerateSensorData":{"count":782,"self":0.013673099999999999,"total":0.013673099999999999,"children":null}}}},"gauges":{"Snake.CumulativeReward":{"count":782,"max":2200,"min":-100,"runningAverage":999.4888,"value":700,"weightedAverage":877.397766}},"metadata":{"timer_format_version":"0.1.0","start_time_seconds":"1620258520","unity_version":"2020.2.3f1","command_line_arguments":"C:\\Program Files\\Unity\\Hub\\Editor\\2020.2.3f1\\Editor\\Unity.exe -projectpath D:\/advancedAI\/Advanced AI -useHub -hubIPC -cloudEnvironment production -hubSessionId 00c00880-a8ee-11eb-9ed2-3f2ffa4ee7c0 -accessToken J0Bu0SyJLV2ksEYanuFbq8zhAFlUypj9IAvq0wcWxko002f","communication_protocol_version":"1.5.0","com.unity.ml-agents_version":"2.0.0-exp.1","scene_name":"ml-agents2.0","end_time_seconds":"1620258760"}}