{"count":1,"self":54.6560256,"total":290.79872159999996,"children":{"InitializeActuators":{"count":20,"self":0.001001,"total":0.001001,"children":null},"InitializeSensors":{"count":20,"self":0.0010008999999999999,"total":0.0010008999999999999,"children":null},"AgentSendState":{"count":50634,"self":0.6680107,"total":2.8624091,"children":{"CollectObservations":{"count":202540,"self":0.2396612,"total":0.2396612,"children":null},"WriteActionMask":{"count":202540,"self":0.1286681,"total":0.1286681,"children":null},"RequestDecision":{"count":202540,"self":0.3908173,"total":1.8260691,"children":{"AgentInfo.ToProto":{"count":202540,"self":0.387961,"total":1.4352517999999999,"children":{"GenerateSensorData":{"count":202540,"self":1.0472907999999999,"total":1.0472907999999999,"children":null}}}}}}},"DecideAction":{"count":50634,"self":232.200832,"total":232.20082649999998,"children":null},"AgentAct":{"count":50634,"self":0.8824863,"total":0.8844881,"children":{"AgentInfo.ToProto":{"count":122,"self":0.0005006,"total":0.0020017999999999998,"children":{"GenerateSensorData":{"count":122,"self":0.0015011999999999998,"total":0.0015011999999999998,"children":null}}}}},"AgentInfo.ToProto":{"count":12020,"self":0.0530183,"total":0.1919661,"children":{"GenerateSensorData":{"count":12020,"self":0.13894779999999998,"total":0.13894779999999998,"children":null}}}},"gauges":{"MoveToGoal.CumulativeReward":{"count":12142,"max":2,"min":-1,"runningAverage":0.9451487,"value":1,"weightedAverage":0.9999999}},"metadata":{"timer_format_version":"0.1.0","start_time_seconds":"1620245652","unity_version":"2020.2.3f1","command_line_arguments":"C:\\Program Files\\Unity\\Hub\\Editor\\2020.2.3f1\\Editor\\Unity.exe -projectpath D:\/advancedAI\/Advanced AI -useHub -hubIPC -cloudEnvironment production -hubSessionId 00c00880-a8ee-11eb-9ed2-3f2ffa4ee7c0 -accessToken J0Bu0SyJLV2ksEYanuFbq8zhAFlUypj9IAvq0wcWxko002f","communication_protocol_version":"1.5.0","com.unity.ml-agents_version":"2.0.0-exp.1","scene_name":"ml-agents1.6","end_time_seconds":"1620245942"}}