{"cameraMode":{"drawMode":0,"name":"Shaded","section":"Shading Mode"},"sceneLighting":false,"audioPlay":false,"sceneViewState":{"showFog":true,"showMaterialUpdate":false,"showSkybox":false,"showFlares":true,"showImageEffects":true,"showParticleSystems":true,"showVisualEffectGraphs":true,"m_FxEnabled":true},"in2DMode":false,"pivot":{"x":14.300582885742188,"y":31.470624923706056,"z":8.257165908813477},"rotation":{"x":-0.6728280782699585,"y":-0.0018011319916695357,"z":0.001598210772499442,"w":-0.739837110042572},"size":1.789966106414795,"orthographic":false}