{"cameraMode":{"drawMode":0,"name":"Shaded","section":"Shading Mode"},"sceneLighting":false,"audioPlay":false,"sceneViewState":{"m_AlwaysRefresh":false,"showFog":true,"showSkybox":true,"showFlares":true,"showImageEffects":true,"showParticleSystems":true,"showVisualEffectGraphs":true,"m_FxEnabled":true},"in2DMode":false,"pivot":{"x":0.7836624979972839,"y":18.326690673828126,"z":38.24851989746094},"rotation":{"x":0.6623055338859558,"y":0.0033716654870659115,"z":-0.0029804788064211609,"w":0.749224841594696},"size":71.38060760498047,"orthographic":false}