{"cameraMode":{"drawMode":0,"name":"Shaded","section":"Shading Mode"},"sceneLighting":false,"audioPlay":false,"sceneViewState":{"showFog":true,"showMaterialUpdate":false,"showSkybox":false,"showFlares":true,"showImageEffects":true,"showParticleSystems":true,"showVisualEffectGraphs":true,"m_FxEnabled":true},"in2DMode":false,"pivot":{"x":0.7209764122962952,"y":-0.05201505124568939,"z":-0.11562049388885498},"rotation":{"x":0.05051450803875923,"y":0.1344173401594162,"z":-0.006860819645226002,"w":0.9896189570426941},"size":1.6278495788574219,"orthographic":false}