{"cameraMode":{"drawMode":0,"name":"Shaded","section":"Shading Mode"},"sceneLighting":false,"audioPlay":false,"sceneViewState":{"m_AlwaysRefresh":false,"showFog":true,"showSkybox":true,"showFlares":true,"showImageEffects":true,"showParticleSystems":true,"showVisualEffectGraphs":true,"m_FxEnabled":true},"in2DMode":false,"pivot":{"x":5.172086238861084,"y":35.21971130371094,"z":23.378963470458986},"rotation":{"x":-0.4181460440158844,"y":0.001895664376206696,"z":-0.0008868509321473539,"w":-0.9083942770957947},"size":75.37983703613281,"orthographic":false}