{"cameraMode":{"drawMode":0,"name":"Shaded","section":"Shading Mode"},"sceneLighting":false,"audioPlay":false,"sceneViewState":{"showFog":true,"showMaterialUpdate":false,"showSkybox":false,"showFlares":true,"showImageEffects":true,"showParticleSystems":true,"showVisualEffectGraphs":true,"m_FxEnabled":true},"in2DMode":false,"pivot":{"x":-0.07411867380142212,"y":1.2358695268630982,"z":0.40221595764160159},"rotation":{"x":0.0014979724073782564,"y":0.05397503077983856,"z":-0.00007979005022207275,"w":0.998547375202179},"size":4.627849578857422,"orthographic":false}