{"cameraMode":{"drawMode":0,"name":"Shaded","section":"Shading Mode"},"sceneLighting":false,"audioPlay":false,"sceneViewState":{"showFog":true,"showMaterialUpdate":false,"showSkybox":false,"showFlares":true,"showImageEffects":true,"showParticleSystems":true,"showVisualEffectGraphs":true,"m_FxEnabled":true},"in2DMode":false,"pivot":{"x":-0.4376838207244873,"y":1.1485180854797364,"z":1.9736504554748536},"rotation":{"x":-0.07193883508443833,"y":0.0009038203861564398,"z":-0.0000746283694752492,"w":-0.9974207282066345},"size":546.024169921875,"orthographic":false}